{
  "project_info": {
    "project_number": "971537534897",
    "project_id": "blinddate-191a7",
    "storage_bucket": "blinddate-191a7.appspot.com"
  },
  "client": [
    {
      "client_info": {
        "mobilesdk_app_id": "1:971537534897:android:18f753dfd936ffa2463790",
        "android_client_info": {
          "package_name": "com.devpyrose.blinddate"
        }
      },
      "oauth_client": [
        {
          "client_id": "971537534897-7365tralgd68uo9ls8jg3p74nq39u8ol.apps.googleusercontent.com",
          "client_type": 1,
          "android_info": {
            "package_name": "com.devpyrose.blinddate",
            "certificate_hash": "256488c1a8766ab9dbe99b3247583417f499b3d3"
          }
        },
        {
          "client_id": "971537534897-22pd4uodhg2bs9fe5d7ilk8k8nr6b9vf.apps.googleusercontent.com",
          "client_type": 3
        }
      ],
      "api_key": [
        {
          "current_key": "AIzaSyBH5bW-W_XYJhqzH0CBaBRaR-a2zyrsiHo"
        }
      ],
      "services": {
        "appinvite_service": {
          "other_platform_oauth_client": [
            {
              "client_id": "971537534897-22pd4uodhg2bs9fe5d7ilk8k8nr6b9vf.apps.googleusercontent.com",
              "client_type": 3
            }
          ]
        }
      }
    }
  ],
  "configuration_version": "1"
}